Comment,Designator,Footprint,LCSC
"4u7","C101,C102,C104,C201,C202,C203,C302","Capacitor_SMD:C_0805_2012Metric_Pad1.15x1.40mm_HandSolder","C1779"
"22u","C103,C304,C305,C306,C307,C308","Capacitor_SMD:C_0805_2012Metric_Pad1.15x1.40mm_HandSolder","C45783"
"22p","C105,C106","Capacitor_SMD:C_0805_2012Metric_Pad1.15x1.40mm_HandSolder","C1804"
"100n","C301,C303","Capacitor_SMD:C_0805_2012Metric_Pad1.15x1.40mm_HandSolder","C49678"
"LED - red","D101","LED_THT:LED_D3.0mm",""
"LED - green","D102","LED_THT:LED_D3.0mm",""
"BAT54C","D103,D201,D202,D203,D204","Package_TO_SOT_SMD:SOT-23","C2135"
"STOP - red","D205","LED_THT:LED_D3.0mm",""
"FORWARD - green","D206","LED_THT:LED_D3.0mm",""
"REVERSE - green","D207","LED_THT:LED_D3.0mm",""
"Cree C543A-WMN-CCCKK141","D208","myFootprints:LED_D5.0mm_Horicontal_FLIPPED_O1.27mm",""
"Cree C543A-WMN-CCCKK141","D209","LED_THT:LED_D5.0mm_Horizontal_O1.27mm_Z3.0mm_Clear",""
"TP4054","IC101","Package_TO_SOT_SMD:SOT-23-5_HandSoldering","C32574"
"XC6220B331MR","IC102","Package_TO_SOT_SMD:SOT-23-5_HandSoldering","C86534"
"CAT4002ATD-GT3","IC201","Package_TO_SOT_SMD:SOT-23-6_Handsoldering","C184641"
"USB_C_Receptacle_USB2.0","J101","Connector_USB:USB_C_Receptacle_HRO_TYPE-C-31-M-12","C393939"
"Conn_02x03_Odd_Even","J301","Connector_PinHeader_2.54mm:PinHeader_2x03_P2.54mm_Vertical","C358692"
"BATT","P101","Connector_PinHeader_2.54mm:PinHeader_1x02_P2.54mm_Horizontal","C706865"
"22R","R101,R102","Resistor_SMD:R_0805_2012Metric_Pad1.15x1.40mm_HandSolder","C17561"
"680R","R103,R104,R207,R208,R209","Resistor_SMD:R_0805_2012Metric_Pad1.15x1.40mm_HandSolder","C17798"
"2k2","R105","Resistor_SMD:R_0805_2012Metric_Pad1.15x1.40mm_HandSolder","C17520"
"5k1","R106,R107","Resistor_SMD:R_0805_2012Metric_Pad1.15x1.40mm_HandSolder","C27834"
"4k7","R201,R202,R203,R204,R205,R206,R211,R303,R304","Resistor_SMD:R_0805_2012Metric_Pad1.15x1.40mm_HandSolder","C17673"
"4M7","R212,R301,R302","Resistor_SMD:R_0805_2012Metric_Pad1.15x1.40mm_HandSolder","C17674"
"10k lin P160KNPD-4FC20B10K","RV201","myFootprints:P160KNPD",""
"F1","SW201","Button_Switch_THT:SW_PUSH_6mm_H9.5mm",""
"F4","SW202","Button_Switch_THT:SW_PUSH_6mm_H9.5mm",""
"F7","SW203","Button_Switch_THT:SW_PUSH_6mm_H9.5mm",""
"ESTOP","SW204","Button_Switch_THT:SW_PUSH_6mm_H9.5mm",""
"F0","SW205","Button_Switch_THT:SW_PUSH_6mm_H9.5mm",""
"F2","SW206","Button_Switch_THT:SW_PUSH_6mm_H9.5mm",""
"F5","SW207","Button_Switch_THT:SW_PUSH_6mm_H9.5mm",""
"F8","SW208","Button_Switch_THT:SW_PUSH_6mm_H9.5mm",""
"LOCO1","SW209","myFootprints:OS102011MS2Q",""
"LOCO2","SW210","myFootprints:OS102011MS2Q",""
"LOCO3","SW211","myFootprints:OS102011MS2Q",""
"LOCO4","SW212","myFootprints:OS102011MS2Q",""
"F3","SW213","Button_Switch_THT:SW_PUSH_6mm_H9.5mm",""
"F6","SW214","Button_Switch_THT:SW_PUSH_6mm_H9.5mm",""
"SHIFT","SW215","Button_Switch_THT:SW_PUSH_6mm_H9.5mm",""
"DIRECTION","SW216","myFootprints:100SP1T1B1M1QEH",""
"ESP32-S2-WROOM","U301","myFootprints:ESP32-S2-WROVER-HandSoldering",""
