Designator,Val,Pack,Mid X,Mid Y,Rotation,Layer
Ref,Val,Package,PosX,PosY,Rot,Side
"C101","4u7","C_0805_2012Metric_Pad1.15x1.40mm_HandSolder",103.124000,-107.823000,0.000000,top
"C102","4u7","C_0805_2012Metric_Pad1.15x1.40mm_HandSolder",98.806000,-107.950000,270.000000,top
"C103","22u","C_0805_2012Metric_Pad1.15x1.40mm_HandSolder",107.234000,-107.630000,270.000000,top
"C104","4u7","C_0805_2012Metric_Pad1.15x1.40mm_HandSolder",114.173000,-107.823000,270.000000,top
"C105","22p","C_0805_2012Metric_Pad1.15x1.40mm_HandSolder",111.125000,-115.951000,90.000000,top
"C106","22p","C_0805_2012Metric_Pad1.15x1.40mm_HandSolder",109.093000,-115.951000,90.000000,top
"C201","4u7","C_0805_2012Metric_Pad1.15x1.40mm_HandSolder",119.253000,-112.903000,270.000000,top
"C202","4u7","C_0805_2012Metric_Pad1.15x1.40mm_HandSolder",110.617000,-110.871000,0.000000,top
"C203","4u7","C_0805_2012Metric_Pad1.15x1.40mm_HandSolder",188.341000,-119.888000,90.000000,top
"C301","100n","C_0805_2012Metric_Pad1.15x1.40mm_HandSolder",117.221000,-112.903000,270.000000,top
"C302","4u7","C_0805_2012Metric_Pad1.15x1.40mm_HandSolder",106.934000,-97.536000,90.000000,top
"C303","100n","C_0805_2012Metric_Pad1.15x1.40mm_HandSolder",119.126000,-97.536000,90.000000,top
"C304","22u","C_0805_2012Metric_Pad1.15x1.40mm_HandSolder",117.094000,-97.536000,90.000000,top
"C305","22u","C_0805_2012Metric_Pad1.15x1.40mm_HandSolder",115.062000,-97.536000,90.000000,top
"C306","22u","C_0805_2012Metric_Pad1.15x1.40mm_HandSolder",113.030000,-97.536000,90.000000,top
"C307","22u","C_0805_2012Metric_Pad1.15x1.40mm_HandSolder",110.998000,-97.536000,90.000000,top
"C308","22u","C_0805_2012Metric_Pad1.15x1.40mm_HandSolder",108.966000,-97.536000,90.000000,top
"D103","BAT54C","SOT-23",88.519000,-97.917000,90.000000,top
"D201","BAT54C","SOT-23",155.067000,-115.062000,0.000000,top
"D202","BAT54C","SOT-23",155.067000,-94.996000,0.000000,top
"D203","BAT54C","SOT-23",148.844000,-114.935000,0.000000,top
"D204","BAT54C","SOT-23",148.844000,-94.996000,0.000000,top
"IC101","TP4054","SOT-23-5_HandSoldering",102.235000,-110.744000,0.000000,top
"IC102","XC6220B331MR","SOT-23-5_HandSoldering",110.770000,-107.818000,0.000000,top
"IC201","CAT4002ATD-GT3","SOT-23-6_Handsoldering",191.770000,-118.745000,180.000000,top
"J101","USB_C_Receptacle_USB2.0","USB_C_Receptacle_HRO_TYPE-C-31-M-12",88.500000,-105.000000,90.000000,top
"J301","Conn_02x03_Odd_Even","PinHeader_2x03_P2.54mm_Vertical",89.535000,-93.789500,0.000000,top
"P101","BATT","PinHeader_1x02_P2.54mm_Horizontal",99.441000,-101.219000,90.000000,top
"R101","22R","R_0805_2012Metric_Pad1.15x1.40mm_HandSolder",105.600500,-120.459500,180.000000,top
"R102","22R","R_0805_2012Metric_Pad1.15x1.40mm_HandSolder",105.600500,-118.491000,180.000000,top
"R103","680R","R_0805_2012Metric_Pad1.15x1.40mm_HandSolder",94.107000,-98.615500,180.000000,top
"R104","680R","R_0805_2012Metric_Pad1.15x1.40mm_HandSolder",92.764500,-96.647000,180.000000,top
"R105","2k2","R_0805_2012Metric_Pad1.15x1.40mm_HandSolder",97.917000,-111.633000,180.000000,top
"R106","5k1","R_0805_2012Metric_Pad1.15x1.40mm_HandSolder",88.519000,-112.014000,0.000000,top
"R107","5k1","R_0805_2012Metric_Pad1.15x1.40mm_HandSolder",88.646000,-115.570000,90.000000,top
"R201","4k7","R_0805_2012Metric_Pad1.15x1.40mm_HandSolder",208.407000,-94.234000,90.000000,top
"R202","4k7","R_0805_2012Metric_Pad1.15x1.40mm_HandSolder",122.174000,-111.633000,0.000000,top
"R203","4k7","R_0805_2012Metric_Pad1.15x1.40mm_HandSolder",155.194000,-117.856000,180.000000,top
"R204","4k7","R_0805_2012Metric_Pad1.15x1.40mm_HandSolder",155.194000,-112.268000,180.000000,top
"R205","4k7","R_0805_2012Metric_Pad1.15x1.40mm_HandSolder",155.194000,-97.790000,180.000000,top
"R206","4k7","R_0805_2012Metric_Pad1.15x1.40mm_HandSolder",155.194000,-92.202000,180.000000,top
"R207","680R","R_0805_2012Metric_Pad1.15x1.40mm_HandSolder",203.898500,-114.871500,180.000000,top
"R208","680R","R_0805_2012Metric_Pad1.15x1.40mm_HandSolder",183.769000,-95.123000,180.000000,top
"R209","680R","R_0805_2012Metric_Pad1.15x1.40mm_HandSolder",183.642000,-114.681000,180.000000,top
"R211","4k7","R_0805_2012Metric_Pad1.15x1.40mm_HandSolder",191.262000,-114.935000,0.000000,top
"R212","4M7","R_0805_2012Metric_Pad1.15x1.40mm_HandSolder",110.617000,-112.903000,0.000000,top
"R301","4M7","R_0805_2012Metric_Pad1.15x1.40mm_HandSolder",117.221000,-109.093000,270.000000,top
"R302","4M7","R_0805_2012Metric_Pad1.15x1.40mm_HandSolder",115.189000,-112.903000,270.000000,top
"R303","4k7","R_0805_2012Metric_Pad1.15x1.40mm_HandSolder",104.902000,-97.536000,90.000000,top
"R304","4k7","R_0805_2012Metric_Pad1.15x1.40mm_HandSolder",113.157000,-115.951000,270.000000,top
